Model,MAE,RMSE,R²
XGBoost (Tuned),3631.669537032278,12318.578410384516,0.040498092429929744
LightGBM,4229.203831008566,9491.681440520297,0.43034624293358725
